Country,Comtrade Country Code,ISO2-digit Alpha,ISO3-digit Alpha,GDP - Per Capita (PPP) in USD ($),Date of GDP - Per Capita (PPP) Estimation  in USD ($),STC Presence (0=no; 1=yes),Date of STC Implementation,EU Member state  (0=no; 1=yes),For current EU states; date of national implemention,Founding STC Legislation,Further STC Legislation,,,,,,,,,,,,,,,,,,,,,,,,,,,,,,,,,
Afghanistan,4,AF,AFG,2000,2017,0,,0,,,,,,,,,,,,,,,,,,,,,,,,,,,,,,,,,,,,
Albania,8,AL,ALB,12500,2017,1,2007,0,,"Law No. 9707, dated 05.04.2007 - “State Control of Import – Export Activity of Military Goods and Dual-use Goods and Technologies” ","Decision of the Council of Ministers no. 43, dated 16.01.2008 - “on Organizing, Functioning and Status of the State Export Control Authority”
Decision of the Council of Ministers no. 1569, dated 19.11.2008 - “on Adopting the List of Military Goods and the List of Dual-use Goods and Technologies, subject to the State Import-Export Control”
Decision of the Council of Ministers no. 304, dated 25.3.2009 - “Setting the Procedures for Conducting Expertise and Control by the State Export Control Authority (AKSHE)”
Decision of the Council of Ministers no. 305, dated 25.3.2009 - “Setting the Procedures of Issuing Legal Documents in the Field of State Control of Import-Export of Military and Dual-use Goods and Technologies”
Decision of the Council of Ministers no. 341, dated 8.4.2009 - “Setting the Tariffs for Issuing Legal Documents”
Decision of the Council of Ministers no. 604, dated 28.8.2003 - “Approving, in Principle, the EU Code of Conduct on Arms Exports”
Order of the Head of AKSHE no. 76, dated 30.12.2008 - “Setting the Format of the Report, Timeframes and Deadlines of Presenting Reports “
Order of the Head of AKSHE no. 72, dated 30.12.2008 - “Regulations on Organization and Functioning of the State Export Control Authority”
Law No. 9723, dated 3.5.2007 ” on National Registration Center” - http://www.minfin.gov.al/minfin/pub/9_law_no_9723_date_3_may_2007_on_the_national_registration_center_1259_1.pdf
Law No. 10 081, dated 23.2.2009 “ on Licenses, Authorizations and Permits in the Republic of Albania ”
Law No. 8449, date 27.01.1999 “Customs Code of the Republic of Albania” - http://www.wipo.int/wipolex/en/text.jsp?file_id=178836
Law No. 7582, dated 13.7.1992 “on State Enterprises”
Law No. 9901, dated 14.4.2008 “on Entrepreneurs and Companies” - http://www.mete.gov.al/doc/20080716095903_ligji_per_tregtaret_dhe_shoqerite_tregtare_eng.pdf
Law No. 7926, dated 20.4.1995 “on Transformation of State Enterprises into Commercial Companies”",,,,,,,,,,,,,,,,,,,,,,,,,,,,,,,,,
Algeria,12,DZ,DZA,15200,2017,0,,0,,,na,,,,,,,,,,,,,,,,,,,,,,,,,,,,,,,,,
Andorra,20,AD,AND,49900,2015,1,1999,0,,Sensitive Materials Control Act,"Llei Qualificada of the Penal Code (Llei 9/2005 of February 21, 2005), Code of Criminal Procedure (February 16, 1989), Regulation of the Llei del Control del Mercaderies Sensibles (April 28, 1999), Llei of international criminal cooperation and law against the money laundering of diners or valors producte of international crime, Llei de Seguretat i Qualitat Industrial (22 June 2000), Llei del Codi de Duana (14 April 2004), Llei against Frau in Matèria Aduanera (4 March 1999), Llei General de Sanitat (20 March 1989)",,,,,,,,,,,,,,,,,,,,,,,,,,,,,,,,,
Angola,24,AO,AGO,6800,2017,na,na,0,,na,na,,,,,,,,,,,,,,,,,,,,,,,,,,,,,,,,,
Antigua & Barbuda,28,AG,ATA,26300,2017,na,na,0,,na,na,,,,,,,,,,,,,,,,,,,,,,,,,,,,,,,,,
Argentina,32,AR,ARG,20900,2017,1,1992,0,,Decreto Nacional 603,na,,,,,,,,,,,,,,,,,,,,,,,,,,,,,,,,,
Armenia,51,AM,ARM,9500,2017,1,1992,0,,"Government Enactment 537 on the Establishment of Export Controls on Primary Products, Materials, Equipment, Technologies, and Services Used in the Creation of Weapons of Mass Destruction (1992)","Law for the Safe Utilization of Atomic Energy for Peaceful Purposes (1997), Decree on Fulfillment of Obligations undertaken under the Additional Protocol (2004) , Decree on the Establishment of the State Committee for Nuclear Safety Regulation (2008), Ordinance on the Reorganization of the State Regulatory Inspectorate on Nuclear and Radiation Safety (2008), Criminal Code (2003), Customs Code (2001, amended 2003) , Law of arms , Law against Laundering of Illicit Proceeds and Terrorism Financing (2004), Law on Fight against Terrorism (2005), Law on the Control over Export of Dual-Use Items (2010), List of Materials, Substances, Equipment and Dual-Use Technology Export of Which Must be Licensed 1993, Cabinet of Ministers Resolution No. 487 (1993), Law Regarding the Control of Export and Interstate Transit of Dual-Use Goods and Technologies through the Territory of the Republic of Armenia (2003), Decree No. 924-N of July 1, 2010 on Appointing Authorized Body for Exercising Control of Export of Dual-Use Commodities, Government Enactment 121 on Matters of Export Control of Primary Products, Materials, Technologies and Services Used in the Creation of Weapons of Mass Destruction (1993), Law on Licensing (2001), Law on Police (2001), Law on Population Protection in Emergency Situations (1998), Civil Code",,,,,,,,,,,,,,,,,,,,,,,,,,,,,,,,,
Australia,36,AU,AUS,50300,2017,1,1995,0,,Weapons of Mass Destruction (Prevention of Proliferation) Act 1995,"Atomic Energy Act (1953, as amended), Nuclear Science and Technology Organization Act (1987, as amended) , Nuclear Activities Prohibition Act (1983), Nuclear Facilities Prohibition Act (2007), Nuclear Activities Regulation Act (1978), Nuclear Non Proliferation Safeguards Act (1987), Uranium Mining Act (1986), Nuclear Waste Prohibition Act (1999), Nuclear Waste Prohibition Act (2000), Nuclear Waste Prohibition Act (2004), Commonwealth Radioactive Waste Management Act (2005), Radiation Protection Act (1998), Radiation Protection Act (2006), Radiation Protection Regulations (1999), Radiation Safety Regulations (1999), Radiation Protection Regulations (2006), Radiation Safety Act (1975), Radiation Control Act (1990), CTBT Act (1998), South Pacific NWFZ Act (1986), Antartic Treaty Act (1960), Anti-terrorism Act (2004), Criminal Code Act 1995 (Act No. 12 of 1995 as amended), Crimes (Foreign Incursions and Recruitment) Act of 1978 (Act No. 13 of 1978 as amended), Extradition Act (1988), Customs Act 1901 [extracts], Customs (Prohibited Exports) Regulations 1958 (Statutory Rules 1958 No. 5 as amended), Customs (Prohibited Imports) Regulations 1956 (Statutory Rules 1956 No. 90 as amended), Hazardous Waste (Regulation of Exports & Imports) Act 1989, Weapons of Mass Destruction (Prevention of Proliferation) Act 1995 (Act No. 38 of 1995 as amended), Weapons of Mass Destruction Regulations 1995, Weapons of Mass Destruction Regulations (Amendment) 1996 , Weapons of Mass Destruction Amendment Regulations 2001, Defense and Strategic Goods List Amendment 2006",,,,,,,,,,,,,,,,,,,,,,,,,,,,,,,,,
Austria,40,AT,AUT,49900,2017,1,2000,1,2005,Foreign Trade Act 2005/Council Regulation (EC) No 1334/2000 of 22 June 2000,na,,,,,,,,,,,,,,,,,,,,,,,,,,,,,,,,,
Azerbaijan,31,AZ,AZE,17500,2017,1,2004,0,,"LAW OF THE AZERBAIJAN REPUBLIC of October 26, 2004 No. 772-IIG About export control",,,,,,,,,,,,,,,,,,,,,,,,,,,,,,,,,,
"Bahamas, The",44,BS,BHS,31200,2017,na,na,0,,na,na,,,,,,,,,,,,,,,,,,,,,,,,,,,,,,,,,
Bahrain,48,BH,BHR,48500,2017,na,na,0,,na,na,,,,,,,,,,,,,,,,,,,,,,,,,,,,,,,,,
Bangladesh,50,BD,BGD,4200,2017,0,,0,,,,,,,,,,,,,,,,,,,,,,,,,,,,,,,,,,,,
Barbados,52,BB,BRB,18700,2017,0,,0,,,,,,,,,,,,,,,,,,,,,,,,,,,,,,,,,,,,
Belarus,112,BY,BLR,18900,2017,1,1998,0,,"Law on Export Control (6 January 1998, amended 1 November 2004) ","Criminal Code. Criminal Procedure Code, Law of the Republic of Belarus on the Fight against Terrorism (2002, no. 77-Ç) , Edict on Measures of State Regulation of Importation and Exportation of Specific Goods (Works Services)(No. 460, 17 July 2006) , Decree on imposing bans and restrictions on the movement of commodities across the customs border of the Republic of Belarus (Council of Ministers of the Republic of Belarus Resolution No. 218, March 18, 1997), Decree on the Improvement of State Control of the Passage of Specific Goods (Work, Services) Through the Customs Border of the Republic of Belarus (Decree No. 27, 10 January 1998), Labour Code, Law on Protection of the Environment (26 November 1992) , Law on Industrial and Consumer Waste",,,,,,,,,,,,,,,,,,,,,,,,,,,,,,,,,
Belgium,56,BE,BEL,46600,2017,1,2000,1,2003,The Dual-Use Regulations of 27 August 2009/Council Regulation (EC) No 1334/2000 of 22 June 2000,,,,,,,,,,,,,,,,,,,,,,,,,,,,,,,,,,
Belize,84,BZ,BLZ,8300,2017,na,na,0,,na,na,,,,,,,,,,,,,,,,,,,,,,,,,,,,,,,,,
Benin,204,BJ,BEN,2300,2017,0,,0,,,,,,,,,,,,,,,,,,,,,,,,,,,,,,,,,,,,
Bhutan,64,BT,BTN,8700,2017,0,,0,,,,,,,,,,,,,,,,,,,,,,,,,,,,,,,,,,,,
Bolivia,68,BA,BIH,7500,2017,na,na,0,,na,na,,,,,,,,,,,,,,,,,,,,,,,,,,,,,,,,,
Bosnia & Herzegovina,70,BW,BWA,12700,2017,1,2009,0,,Law on Control of Foreign Trade of Goods and Services of Strategic Importance for the Security of Bosnia and Herzegovina,,,,,,,,,,,,,,,,,,,,,,,,,,,,,,,,,,
Botswana,72,BR,BRA,17800,2017,0,,0,,,,,,,,,,,,,,,,,,,,,,,,,,,,,,,,,,,,
Brazil,76,BN,BRN,15600,2017,1,1995,0,,"Lei nº 9.112, de 10 de Outubro de 1995 Dispõe sobre a exportação de bens sensíveis e serviços diretamente vinculados","Constituição da República Federativa do Brasil de 1988, Código Penal (Decreto-Lei nº 2.848, de 7 de Dezembro de 1940), Código de Processo Penal (Decreto-Lei nº 3.689, de 3 de Outubro de 1941), Decreto-Lei nº 37, de 18 de Novembro de 1966. Dispõe sobre o imposto de importação, reorganiza os serviços aduaneiros e dá outras providências, Lei Nº 6.437, de 20 de Agosto de 1977. Configura infrações à legislação sanitária federal, estabelece as sanções respectivas, e dá outras providências, Lei Nº 7.170, de 14 de Dezembro de 1983. Define os crimes contra a segurança nacional, a ordem política e social, estabelece seu processo e julgamento e dá outras providências, Lei Nº 8.072, de 25 de Julho de 1990. Dispõe sobre os crimes hediondos, nos termos do art. 5º, inciso XLIII, da Constituição Federal, e determina outras providências, Lei Nº 9.034, de 3 de Maio de 1995. Dispõe sobre a utilização de meios operacionais para a prevenção e repressão de ações praticadas por organizações criminosas, Lei nº 9.296, de 24 de Julho de 1996. Regulamenta o inciso XII, parte final, do art. 5° da Constituição Federal, Lei nº 9.605, de 12 de Fevereiro de 1998. Dispõe sobre as sanções penais e administrativas derivadas de condutas e atividades lesivas ao meio ambiente, e dá outras providências, Lei nº 9.613, de 3 de Março de 1998. Dispõe sobre os crimes de “lavagem” ou ocultação de bens, direitos e valores; a prevenção da utilização do sistema financeiro para os ilícitos previstos nesta Lei; cria o Conselho de Controle de Atividades Financeiras – COAF, e dá outras providências, Lei no 9.883, de 7 de Dezembro de 1999.Institui o Sistema Brasileiro de Inteligência, cria a Agência Brasileira de Inteligência – ABIN, e dá outras providências, Lei no 9.985, de 18 de Julho de 2000. Regulamenta o art. 225, § 1o, incisos I, II, III e VII da Constituição Federal, institui o Sistema Nacional de Unidades de Conservação da Natureza e dá outras providências, Lei No 10.233, de 5 de Junho de 2001. Dispõe sobre a reestruturação dos transportes aquaviário e terrestre, cria o Conselho Nacional de Integração de Políticas de Transporte, a Agência Nacional de Transportes Terrestres, a Agência Nacional de Transportes Aquaviários e o Departamento Nacional de Infra-Estrutura de Transportes, e dá outras providências, Lei no 10.744, de 9 de Outubro de 2003. Dispõe sobre a assunção, pela União, de responsabilidades civis perante terceiros no caso de atentados terroristas, atos de guerra ou eventos correlatos, contra aeronaves de matrícula brasileira operadas por empresas brasileiras de transporte aéreo público, excluídas as empresas de táxi aéreo, Lei Complementar nº 105, de 10 de Janeiro de 2001. Dispõe sobre o sigilo das operações de instituições financeiras e dá outras providências, Decreto nº 4.214, de 30 de Abril de 2002. Define a competência da Comissão Interministerial de Controle de Exportação de Bens Sensíveis, de que trata a Lei no 9.112, de 10 de outubro de 1995, e dá outras providências    , Decreto nº 5.591, de 22 de Novembro de 2005. Regulamenta dispositivos da Lei no 11.105, de 24 de março de 2005, que regulamenta os incisos II, IV e V do § 1o do art. 225 da Constituição, e dá outras providências, Portaria MCT nº 753, de 03 de Outubro de 2006. Aprova o Regimento Interno da Assessoria de Assuntos Internacionais do Ministério da Ciência e Tecnologia, Resolução ANTT  nº 420, de 12 de Fevereiro de 2004. Aprova as Instruções Complementares ao Regulamento do Transporte Terrestre de Produtos Perigosos Anexo: Instruções Complementares ao Regulamento do Transporte Terrestre de Produtos Perigosos, Instrução Normativa MAA nº 1, de 15 de Dezembro de 1998. Normas para Importação de Material Destinado a Pesquisa Científica",,,,,,,,,,,,,,,,,,,,,,,,,,,,,,,,,
Brunei Darussalam,96,BG,BGR,78200,2017,0,,0,,,,,,,,,,,,,,,,,,,,,,,,,,,,,,,,,,,,
Bulgaria,100,N/A,N/A,21700,2017,1,2000,1,,Law on Control of Foreign Trade Activity in Arms and Dual-Use Goods and Technologies 2000,"Penal Code [extract], Constitution of the Republic of Bulgaria 1991 [extract], Decree for Adoption of Regulations on Implementation of the Law on Control of Foreign Trade Activity in Arms and Dual-Use Goods and Technologies 1996, Law on Control of Foreign Trade Activity in Arms and Dual-Use Goods and Technologies 2002 Amendment (Star Gazette No. 75/2002), List of the Arms and Dual-Use Goods and Technologies in accordance with the Law on Control of Foreign Trade Activity in Arms and Dual-Use Goods and Technologies 1998, Regulation (on implementation of Law on Control of Foreign Trade Activity in Arms and Dual-Use Goods and Technologies) No. 13 of 13 June 1994 (Star Gazette No. 115/10.12.2002), Decree No. 1524/1972 of the Council of the State of the People’s Republic of Bulgaria 1972, Decree No 266 on the Export & Import Regime 1995, Regulation of the Ministry of Health No. 4 of 14 October 2002 [Direct translation of EU directive 2000/54/EC]",,,,,,,,,,,,,,,,,,,,,,,,,,,,,,,,,
Burkina Faso,854,BF,BFA,1900,2017,0,,0,,,,,,,,,,,,,,,,,,,,,,,,,,,,,,,,,,,,
Burundi,108,BI,BDI,700,2017,0,,0,,,,,,,,,,,,,,,,,,,,,,,,,,,,,,,,,,,,
Cabo Verde,132,CV,CPV,6900,2017,0,,0,,,,,,,,,,,,,,,,,,,,,,,,,,,,,,,,,,,,
Cambodia,116,KH,KHM,3900,2017,0,,0,,,,,,,,,,,,,,,,,,,,,,,,,,,,,,,,,,,,
Cameroon,120,CM,CMR,3700,2017,0,,0,,,,,,,,,,,,,,,,,,,,,,,,,,,,,,,,,,,,
Canada,124,CA,CAN,48300,2017,1,1985,0,,Exports & Imports Permits Act,"CTBT Implementation Act (1998), Canadian Nuclear Safety Commission By-laws (2012), Nuclear Energy Act (1985), Nuclear Safety and Control Act (1997), Nuclear Liability Act (1985), Nuclear Fuel Waste Act (2002)",,,,,,,,,,,,,,,,,,,,,,,,,,,,,,,,,
Central African Republic,140,CF,CAF,700,2017,0,,0,,,,,,,,,,,,,,,,,,,,,,,,,,,,,,,,,,,,
Chad,148,TD,TCD,2300,2017,0,,0,,,,,,,,,,,,,,,,,,,,,,,,,,,,,,,,,,,,
Chile,152,CL,CHL,24500,2017,na,na,0,,na,na,,,,,,,,,,,,,,,,,,,,,,,,,,,,,,,,,
China,156,CN,CHN,16700,2017,1,1994,0,,Foreign Trade Law 1994,"Criminal Law 1979, Criminal Law 1979 [extracts], List of Articles Prohibited from Import and Export by Customs of the People’s Republic of China 1982",,,,,,,,,,,,,,,,,,,,,,,,,,,,,,,,,
Colombia,170,CO,COL,14500,2017,na,na,0,,na,na,,,,,,,,,,,,,,,,,,,,,,,,,,,,,,,,,
"Congo, Republic of the",178,CG,COG,6600,2017,na,na,0,,na,na,,,,,,,,,,,,,,,,,,,,,,,,,,,,,,,,,
Costa Rica,188,CR,CRI,16900,2017,na,na,0,,na,na,,,,,,,,,,,,,,,,,,,,,,,,,,,,,,,,,
Cote d'Ivorie,384,CI,CIV,3900,2017,0,,0,,,,,,,,,,,,,,,,,,,,,,,,,,,,,,,,,,,,
Croatia,191,HR,HRV,24400,2017,1,2005,1,,Law on Export Control of Dual Use Goods,na,,,,,,,,,,,,,,,,,,,,,,,,,,,,,,,,,
Cuba,192,CU,CUB,12300,2016,0,,0,,,,,,,,,,,,,,,,,,,,,,,,,,,,,,,,,,,,
Cyprus,196,CY,CYP,37000,2017,1,1993,1,,Defence (Exportation of Goods) Regulations 1993,"Customs Code Law (94(I)/2004), Defence (Exportation of Goods) Order 2000, Prevention and Suppression of Money Laundering Activities Law (61(I)/1996), Safety and Health at Work Law (No. 89(I)/96), Ratification Law of the International Convention for the Suppression of the Financing of Terrorism (29(III)/2001) ",,,,,,,,,,,,,,,,,,,,,,,,,,,,,,,,,
Czechia (Czech Republic),203,CZ,CZE,35500,2017,1,1997,1,,Act on Control of Exports and Imports of Goods and Technologies Subject to International Control Regimes 1997,"Council Regulation (EC) No 1334/2000 of 22 June 2000, Decree No. 44/1997 dated 21/02/97 Granting a General Licence for Import of Controlled Goods
Trades Licensing Act (No. 455/1991)
Act on selected measures against the legalisation of the proceeds of crime and on the amendment and supplementation of related Acts (No. 61/1996 Coll.)
Act on the Police of the Czech Republic (No. 283/1991)
Act implementing the European Community regime for the control of exports of dual-use items and technology (No. 594/2004)
Customs Act (No. 13/1993 as amended)
Act on Customs Administration (No. 185/2004) Criminal Code 1961 [extract 1] [extract 2]
Act on foreign trade in military materials (No. 38/1994) ",,,,,,,,,,,,,,,,,,,,,,,,,,,,,,,,,
Democratic People's Republic of Korea (North Korea),408,KP,PRK,1700,2015,0,,0,,,,,,,,,,,,,,,,,,,,,,,,,,,,,,,,,,,,
Democratic Republic of the Congo,180,CD,COD,800,2017,0,,0,,,,,,,,,,,,,,,,,,,,,,,,,,,,,,,,,,,,
Denmark,208,DK,DNK,49900,2017,1,na,1,,na,Council Regulation (EC) No 1334/2000 of 22 June 2000,,,,,,,,,,,,,,,,,,,,,,,,,,,,,,,,,
Djibouti,262,DJ,DJI,3600,2017,0,,0,,,,,,,,,,,,,,,,,,,,,,,,,,,,,,,,,,,,
Dominica,212,DM,DMA,11100,2017,na,na,0,,na,na,,,,,,,,,,,,,,,,,,,,,,,,,,,,,,,,,
Dominican Republic,214,DO,DOM,16900,2017,na,na,0,,na,na,,,,,,,,,,,,,,,,,,,,,,,,,,,,,,,,,
Ecuador,218,EC,ECU,11500,2017,na,na,0,,na,na,,,,,,,,,,,,,,,,,,,,,,,,,,,,,,,,,
Egypt,818,EG,EGY,12700,2017,1,2005,0,,Decree by The Minister of Foreign Trade & Industry no. 770/2005 Issuing The Executive Regulation To Implement Import and Export Law no. 118/1975 as well as Inspection and Control Procedures of Imported And Exported Goods,"Penal Code, Code of Criminal Procedure, Law No. 97 of 1992 on Terrorism, Law No. 80 of 2002 Promulgating Anti-Money Laundering Law, Amended by Law No. 78 of 2003, Act No. 4 of 1994 on the Environment, Law No. 66 of 1963 on Customs, as amended, Law No. 12 of 2003 on Labour, Law No. 162 of 1958 on Emergencies",,,,,,,,,,,,,,,,,,,,,,,,,,,,,,,,,
El Salvador,222,SV,SLV,8900,2017,na,na,0,,na,na,,,,,,,,,,,,,,,,,,,,,,,,,,,,,,,,,
Equatorial Guinea,226,GQ,GNQ,36000,2017,na,na,0,,na,na,,,,,,,,,,,,,,,,,,,,,,,,,,,,,,,,,
Eritrea,232,ER,ERI,1600,2017,0,,0,,,,,,,,,,,,,,,,,,,,,,,,,,,,,,,,,,,,
Estonia,233,EE,EST,31800,2017,1,1999,1,,"Strategic Goods Import, Export and Transit Act",Penal Code,,,,,,,,,,,,,,,,,,,,,,,,,,,,,,,,,
Ethiopia,231,ET,ETH,2200,2017,0,,0,,,,,,,,,,,,,,,,,,,,,,,,,,,,,,,,,,,,
Fiji,242,FJ,FJI,9800,2017,0,,0,,,,,,,,,,,,,,,,,,,,,,,,,,,,,,,,,,,,
Finland,246,FI,FIN,44300,2017,1,1996,1,,Act on the Control of Exports of Dual-Use Goods,"Council Regulation (EC) No 1334/2000 of 22 June 2000, Nuclear Energy Act, Penal Code Note, Decree on the Control of Exports of Dual-Use Goods 1996, Decree on Export and Transit of Defence Material 1997, Decision of the Council of Ministers on General Guidelines for the Export and Transit of Defence Material (474/1995), Act on Transport of Dangerous Goods (719/1994), Decree of the Council of State on Transport of Dangerous Goods by Air (210/1997), Decision of the Finnish Aviation Administration on Transport of Dangerous Goods by Air (OPS M1-18, 2001), Decree of the Council of State on Transport of Dangerous Goods by Rail (195/2002), Decree of the Council of State on Transport of Dangerous Goods by Road (194/2002), Decree of the Council of State on Transport of Dangerous Goods in Packaged Form by Sea (666/1998), Regulation of the Finnish Maritime Administration on Transport of Dangerous Goods in Packaged Form by Sea (17/28.12.2000), Decree of the Ministry of Transport and Communications on Transport of Dangerous Goods by Rail (278/2002), Decree of the Ministry of Transport and Communications on Transport of Dangerous Goods by Road (277/2002), Act on Border Control",,,,,,,,,,,,,,,,,,,,,,,,,,,,,,,,,
France,251,FR,FRA,43800,2017,1,1995,1,,Decree No. 95-613 of 5 May 1995 on the control of exports of dual-use goods,"Council Regulation (EC) No 1334/2000 of 22 June 2000, Code Penal (abstracts), Penal Code [extracts], Code de la defense (abstracts), Law No. 2011-266 of 14 March 2011 on the fight against proliferation of weapons of mass destruction and their delivery systems , Code de l’environnement, Code de la recherche (abstracts), Decret Euratom (2011), Decret IRSN (2002 – consolidated version), Decree No. 2001-1192 of 13 December 2001 on export and import controls and on the transfer of dual-use goods and technologies, Order of 5 May 1995 on the control of exports to third countries and on transfers to European Union Member States of dual-use goods (and amending order of 18 July 1997), Order of 13 December 2001 on the control of exports to third countries and on the transfer of dual-use goods and technologies to European Union Member States, Order of 13 December 2001 on the issuance of a delivery verification certificate for imports of dual-use goods and technologies, Order in Council relating to the procedure for importation and exportation of war material, arms and munitions, and analogous material 1992, Law No. 2001-398 of 9 May 2001 creating a French Agency for Environmental Health and Safety (AFSSE) with the aim of ensuring the protection of human health, Order of 4 November 1993 on health and safety signs at work",,,,,,,,,,,,,,,,,,,,,,,,,,,,,,,,,
Gabon,266,GA,GAB,19200,2017,0,,0,,,,,,,,,,,,,,,,,,,,,,,,,,,,,,,,,,,,
"Gambia, The",270,GM,GMB,1700,2017,0,,0,,,,,,,,,,,,,,,,,,,,,,,,,,,,,,,,,,,,
Georgia,268,GE,GEO,10700,2017,1,1998,0,,"Law of Georgia on Export Control of Armaments, Military Equipment and Dual-Use Products ","Law on Nuclear and Radiation Safety, Criminal Code (amendments) , Code of Criminal Procedure , Law of Georgia on Combating Terrorism, The Resolution of the President of Georgia on the regulation of organization of the counterterrorist activity in the country and coordination of the activity of subjects involved in the struggle against terrorism (17 January 2008), Customs Code  , Law of Georgia on State of Emergency  , Law of Georgia on Guarantees and Promotion of the Activities on Investments , Law of Georgia on the Legal Status of Foreigners , Labor Code of Georgia , Law of Georgia on the State Security Service , Law of Georgia on Facilitating the Prevention of Illicit Income Legalisation , Law of Georgia on Environmental Protection , Law of Georgia on Public Health, Law of Georgia on Licenses and Permits",,,,,,,,,,,,,,,,,,,,,,,,,,,,,,,,,
Germany,276,DE,DEU,50400,2017,1,1961,1,,Außenwirtschaftsgesetz,"Council Regulation (EC) No 1334/2000 of 22 June 2000, Code of Crimes against International Law 2002 [extracts], Dangerous Goods Ordinance Road and Rail of 11 December 2001, Export List – Annex to Foreign Trade and Payments Ordinance 2000, Foreign Trade and Payments Ordinance 1986, Health and Safety at Work Act of 7 August 1996, International Law Penal Code of 26 June 2002, War Weapons Control Act 1961 [extracts], War Weapons Control Act of 22 November 1990 as amended, War Weapons List",,,,,,,,,,,,,,,,,,,,,,,,,,,,,,,,,
Ghana,288,GH,GHA,4700,2017,0,,0,,,,,,,,,,,,,,,,,,,,,,,,,,,,,,,,,,,,
Greece,300,GR,GRC,27700,2017,1,na,1,,na,Council Regulation (EC) No 1334/2000 of 22 June 2000,,,,,,,,,,,,,,,,,,,,,,,,,,,,,,,,,
Greneda,308,GD,GRD,14900,2017,0,,0,,,,,,,,,,,,,,,,,,,,,,,,,,,,,,,,,,,,
Guatemala,320,GT,GTM,8100,2017,na,na,0,,na,na,,,,,,,,,,,,,,,,,,,,,,,,,,,,,,,,,
Guinea,324,GN,GIN,2000,2017,0,,0,,,,,,,,,,,,,,,,,,,,,,,,,,,,,,,,,,,,
Guinea-Bissau,624,GW,GNB,1800,2017,0,,0,,,,,,,,,,,,,,,,,,,,,,,,,,,,,,,,,,,,
Guyana,328,GY,GUY,8200,2017,na,na,0,,na,na,,,,,,,,,,,,,,,,,,,,,,,,,,,,,,,,,
Haiti,332,HT,HTI,1800,2017,0,,0,,,,,,,,,,,,,,,,,,,,,,,,,,,,,,,,,,,,
Honduras,340,HN,HND,5600,2017,na,na,0,,na,na,,,,,,,,,,,,,,,,,,,,,,,,,,,,,,,,,
Hungary,348,HU,HUN,29500,2017,1,1990,1,,Government Decree 61/1990 on Licensing Trade in Certain Internationally Controlled Goods and Technologies,"Council Regulation (EC) No 1334/2000 of 22 June 2000, Criminal Code 1978 [extracts]",,,,,,,,,,,,,,,,,,,,,,,,,,,,,,,,,
Iceland,352,IS,ISL,51800,2017,1,2010,0,,"REGULATION
on the Control of Services and Items that may have Strategic Significance ","Radiation Protection Act 2002, Penal Code 1940, Weapons Act 1998",,,,,,,,,,,,,,,,,,,,,,,,,,,,,,,,,
India,699,IN,IND,7200,2017,1,2005,0,,Amendment of ITC(HS) Export and Import Classification 2005,"Penal Code 1860, Prevention of Terrorism Act 2002, Prevention of Terrorism Amendment Act 2003, Prevention of Terrorism Repeal Act 2004, Schedule of Prescribed Substances 2006, Unlawful Activities Prevention Act 1967, Unlawful Activities Prevention Amendment Act 2004, Money-Laundering Act 2003, Money-Laundering Amendment 2005, Foreign Exchange Management Act 1999, Environment Protection Act 1986, Environmental Protection Rules 1986, Customs Act 1962, Arms Act 1959, Atomic Energy Act 1962, Atomic Energy Rules 1984 , Explosive Substances Act 1908, Guidelines for Nuclear Transfers 2006, SAARC Convention Act 1993",,,,,,,,,,,,,,,,,,,,,,,,,,,,,,,,,
Indonesia,360,ID,IDN,12400,2017,0,,0,,,,,,,,,,,,,,,,,,,,,,,,,,,,,,,,,,,,
Iran,364,IR,IRN,20200,2017,0,,0,,,,,,,,,,,,,,,,,,,,,,,,,,,,,,,,,,,,
Iraq,368,IQ,IRQ,17000,2017,na,na,0,,na,na,,,,,,,,,,,,,,,,,,,,,,,,,,,,,,,,,
Ireland,372,IE,IRL,75500,2017,1,2000,1,,Control of Exports Order 2000,"Air Navigation (Carriage of Munitions of War and Dangerous Goods) Order 1973, Air Navigation (Carriage of Munitions of War, Weapons and Dangerous Goods) (Amendment) Order 1989, Control of Exports Act 1983, Irish Aviation Authority, Aeronautical Notice 0.1 (Carriage of Dangerous Goods by Air)",,,,,,,,,,,,,,,,,,,,,,,,,,,,,,,,,
Israel,376,IL,ISR,36300,2017,1,2004,0,,"Import and Export Order (Control of Chemical, Biological and Nuclear Exports), 5764-2004","Prohibition on Money Laundering Law, 5760-2000, Prohibition on Terrorist Financing Law, 5765-2004, Prevention of Terrorism Ordinance No. 33 of 5708-1948, Incarceration of Unlawful Combatants Law, 5762-2002, Combating Criminal Organizations Law, 5763-2003, International Legal Assistance Law, 5758-1998, General Security Service Law, 5762-2002",,,,,,,,,,,,,,,,,,,,,,,,,,,,,,,,,
Italy,381,IT,ITA,38100,2017,1,1990,1,,"Law No 185 1990 New Provisions Governing the Export, Import and Transit of Armaments","Council Regulation (EC) No 1334/2000 of 22 June 2000, Decreto Legislativo 96/2003",,,,,,,,,,,,,,,,,,,,,,,,,,,,,,,,,
Jamaica,388,JM,JAM,9200,2017,na,na,0,,na,na,,,,,,,,,,,,,,,,,,,,,,,,,,,,,,,,,
Japan,392,JP,JPN,42800,2017,1,1949,0,,Export Trade Control Order 1949,,,,,,,,,,,,,,,,,,,,,,,,,,,,,,,,,,
Jordan,400,JO,JOR,12500,2017,1,2009,0,,Export and Re-Export Regulations for Dual Use Material No. (1) For the Year 2009,na,,,,,,,,,,,,,,,,,,,,,,,,,,,,,,,,,
Kazakhstan,398,KZ,KAZ,26300,2017,1,1996,0,,Export Control Law,"Criminal Code, Code of Criminal Procedure [extracts], Resolution of the Government of the Republic of Kazakhstan of 5 February 2008 No 104 on Approval of the Nomenclature (List) of Goods Subject to Export Control, About Approval of the Rules for Importers’ End Users’ Warranty Liabilities Issuance and Performance Control, Decree of the Republic of Kazakhstan Government dated 12 March 2008, No. 244, About approval of the Rules for issue of transit permits for products, Decree of the Republic of Kazakhstan Government No. 130 dated 11 February 2008, Law of the Republic of Kazakhstan 13 December 1997 No. 204-1 on Population Migration, Customs Code, Law on Export Control (21 July 2007), Law No. 416-1 of 13 July 1999 “On measures to combat terrorism” (as amended), Law No. 105-II, On Changes and Amendments to the Law on Export Control of Weapons, Military Technology, and Dual-Use Goods, 24 November 2000, Government Decisions No. 1917 on the Enhancement of the Export Control System of the Republic of Kazakhstan, Decree of the President Republic of Kazakhstan having the force of law No. 2337 of 19 June 1995 “On legal status of foreign citizens in the Republic of Kazakhstan”, Law No. 2433-XII of 15 October 1993 of the Republic of Kazakhstan Concerning Legal Regime during the State of Emergency (as amended and appended by Law No. 347-1 of 12 March 1999 of the Republic of Kazakhstan), Law on Licensing of 11 January 2007, Labor Code, Law dated 13 January 1993 on the State Border of the Republic of Kazakhstan, Law No. 154 of 15 September 1994 on Operative-Investigative Activity, Law on Environmental Protection, Law on the Health Protection of Citizens of the Republic of Kazakhstan",,,,,,,,,,,,,,,,,,,,,,,,,,,,,,,,,
Kenya,404,KE,KEN,3500,2017,0,,0,,,,,,,,,,,,,,,,,,,,,,,,,,,,,,,,,,,,
Kiribati,296,KI,KIR,2000,2017,0,,0,,,,,,,,,,,,,,,,,,,,,,,,,,,,,,,,,,,,
Kuwait,414,KW,KWT,66200,2017,0,,0,,,,,,,,,,,,,,,,,,,,,,,,,,,,,,,,,,,,
Kyrgyztan,417,KG,KGZ,3700,2017,1,2003,0,,Government Resolution No. 330,,,,,,,,,,,,,,,,,,,,,,,,,,,,,,,,,,
"Lao, People's Democratic Republic of (Laos)",418,LA,LAO,7400,2017,0,,0,,,,,,,,,,,,,,,,,,,,,,,,,,,,,,,,,,,,
Latvia,428,LV,LVA,27600,2017,1,1997,1,,Regulation No. 421 on the Control of Strategic Goods 1997,"Penal Code [extracts], Regulation No. 429 on the Control Committee of Strategic Goods 1997, Decision of the Control Committee on Strategic Goods 14 May 1997, Decision of the Control Committee of Strategic Goods on Lists of Goods, Production, Services and Technologies Which Require Licences for Export, Import and Transit 2000",,,,,,,,,,,,,,,,,,,,,,,,,,,,,,,,,
Lebanon,422,LB,LBN,19400,2017,0,,0,,,,,,,,,,,,,,,,,,,,,,,,,,,,,,,,,,,,
Lesotho,426,LS,LSO,3600,2017,0,,0,,,,,,,,,,,,,,,,,,,,,,,,,,,,,,,,,,,,
Liberia,430,LR,LBR,1400,2017,0,,0,,,,,,,,,,,,,,,,,,,,,,,,,,,,,,,,,,,,
Libya,434,LY,LBY,10000,2017,0,,0,,,,,,,,,,,,,,,,,,,,,,,,,,,,,,,,,,,,
Liechtenstein,757,CH,CHE,139100,2009,1,1996,0,,Swiss Federal Law on Control of Goods Suitable for Civilian and Military Purposes and Specific Military Goods 1996,"Law on Arms 1971, Law on Sanctions on Trade with Foreign States 1991, Ordinance on the Indirect Transfer of War Material 1999, Swiss Federal Law on War Material 1996 [English]
",,,,,,,,,,,,,,,,,,,,,,,,,,,,,,,,,
Lithuania,440,LT,LTU,32300,2017,1,1995,1,,"Law on the Controls of Import, Transit and Export of Strategic Goods and Technologies of Lithuania 1995","Constitution of the Republic of Lithuania 1992, Criminal Code 2003 [extracts], Law on the Control of Arms and Ammunition 1996, Law No. IX-1051 on amending the Law on the Control of Export, Import and Transit of Strategic Goods and Technology 2002, Code of Administrative Trangressions of Republic of Lithuania 2003, Law No. VIII-345 on Amendment of Articles 6,10,11,14 and 15 of the Law Concerning Control of Import, Transit and Export of Strategic Goods and Technologies 1997, Resolution No. 857 on the Establishment of Control System for Export and Import of the Strategic Goods and Technology 1993, Resolution No. 1321 of the Government of the Republic of Lithuania on Amendment of the Resolution of the Government of the Republic of Lithuania On the Approval of the Lists of Controlled Goods and Technologies 1997",,,,,,,,,,,,,,,,,,,,,,,,,,,,,,,,,
Luxembourg,442,LU,LUX,106300,2017,1,2000,1,,*Via EU Agreements,,,,,,,,,,,,,,,,,,,,,,,,,,,,,,,,,,
Macedonia,807,MK,MKD,14900,2017,1,2005,0,,Law on Export Control of Dual-Use Goods and Technologies (2005),"Criminal Code (37/96, 80/99, 4/02, 19/04) , Law on Criminal Procedure (15/97, 44/02, 74/04, 15/05)    , Law on Radiation Protection and Safety , List of Regulation Issued by the Radiation Safety Directorate , Rulebook on the Form and Content of the Template for the Request for Issuing a Permit for Performing an Activity with Ionising Radiation Sources, the Form and Content of the Permit Template and the Manner of and Procedure for Issuing the Permit, No. 03-1827/2 2009 , Rulebook on the Contents of the Radiation Protection Programme, the Radiation Emergencies Plan and the Programme for Quality Assurance and Safety Control, No. 03-1816/2 2009, Rulebook on the Criteria for Exemption of an Ionising Radiation Source and for Release of the Exposure to a Determined Source from Control, No. 01-1668/4 2009, Rulebook on the Categorisation of Ionising Radiation Sources and the Categorisation of Radioactive and Nuclear Materials, No. 01-1668/5 2009, Rulebook on Radiation and Nuclear Threats Categorisation, No. 01-1668/6 2009, Rulebook on the Maximum Permitted Levels of Emitting Radioactive Substances into the Environment, the Manner of Performing Monitoring, Keeping Records and Submitting Reports, No. 03-1718/2 2009, Rulebook on the Types of Training and the Content of the Programme for Training Persons Responsible for Radiation Protection and Persons Working with Sources of Ionising Radiation, No. 01-1668/1 2009, Rulebook on the Maximum Permitted Levels of Radionuclides in Food, Water, Air, Soil, Animal and Plant Products and Raw Materials, as well as in General Use Products, No. 03-1718/2 2009 , Rulebook on the Form and Content of the Declaration Form for Ionising Radiation Sources and on the Manner of and Procedure for Declaring, No. 03-78/22 2010 , Rulebook on the Health Requirements for Working with Ionising Radiation Sources and on the Measures, Content and Manner of Performing Medical Examinations of Persons Working with Ionising Radiation Sources, No. 01-190/3 2010 , Rulebook on the Manner and Measurement of the Exposure of Occupationally Exposed Individuals, Keeping Records and Submitting Reports, No. 01-190/4 2010,   Rulebook on Limits of Exposure to Ionising Radiation and the Conditions of Exposure in Particular Cases and Emergencies, No. 01-190/5 2010 , Rulebook on the Maximum Permitted Levels of Radionuclides in Metals, Building Materials, Fertilizers, Ashes from Power Stations and Waste Materials from Mines and Smelteries, No. 01-860/2 2010 , Rulebook on the Manner and Measurement of the Exposure of the General Public, Keeping Records and Submitting Reports, No. 01-1057/3 2010, Rulebook on the Manner of and Deadlines for Examining Ionising Radiation Sources, Measuring Patients’ Exposure during Diagnostic and Therapeutic Procedures, Keeping Records and Submitting Reports, No. 01-1057/2 2010, Rulebook on the Criteria Regarding the Spatial Conditions, Facilities, Technical Equipment and Qualified Staff of Authorised Expert Technical Services and Legal Entities Responsible for Decontamination, as well as on the Form and Content of the Licence and the Licence Application Form, No. 01-1083/2 2010, Rulebook on the Criteria for the Application of Ionising Radiation Sources in Medicine, Veterinary Medicine, Pharmacy and Stomatology, No. 01-1083/4 2010, Rulebook on the Management, Collection, Storage, Conditioning, Transport and Disposal of Radioactive Waste, No. 01-1110/2, 2010 , Rulebook on the Manner of Transporting Radioactive and Nuclear Material, No. 01-1402/2 2010 , Rulebook on the Premises, Devices and the Equipment, as well as the Persons who May Work with Sources of Ionizing Radiation , Rulebook on the Criteria and the Measures for Protection against Ionising Radiation for Performing Work with X-Ray Machines, Accelerators and Other Ionising Radiation-Generating Devices, No. 01-1083/3 2010 , Law on Trade (16/04) , Foreign Trade Law (31/93)    , Customs Law (2006) , Law on Prevention of Laundering Money and other Proceeds from Crime (70/01, 46/04)  , Law on Internal Affairs , Labour Relations Act, Law on Labour Inspection (35/97) , Law on the Environment (2005)  , Law on Waste Management (6/04)  , Law on Interception of Communications   , Law on the Transport of Dangerous Substances",,,,,,,,,,,,,,,,,,,,,,,,,,,,,,,,,
Madagascar,450,MG,MDG,1600,2017,0,,0,,,,,,,,,,,,,,,,,,,,,,,,,,,,,,,,,,,,
Malawi,454,MW,MWI,1200,2017,0,,0,,,,,,,,,,,,,,,,,,,,,,,,,,,,,,,,,,,,
Malaysia,458,MY,MYS,29000,2017,1,2010,0,,Strategic Trade Act,"Atomic Energy Licensing Act (1984), Radiation Protection Licensing Regulations (1986), Radiation Protection Transport Regulations (1984), Basic Safety Radiation Protection Regulation (2010), Criminal Code (Act No. 574), Penal Code Amendment Act (2007), Penal Code Amendment Act (2012), Criminal Procedure Code (Act No. 593), Police Act (Act No. 344, 1967), Extradition Act (Act No. 479, 1992) , Mutual Assistance in Criminal Matters Act (Act No. 621, 2002) , Extra-territorial Offences Act (Act No. 163, 1976), Consular Relations Act (1999), International Organizations Act (1992), Security Offences Bill (2012), Explosives Act (1957), Anti-Money Laundering Act, Internal Security Act 1960 (and amending acts), Customs Act (1967, as amended), Customs (Prohibition of Export) Order 1998 and Schedule 3, Customs (Prohibition of Import) Order 1998 and Schedule 4, Part 1, Continental Shelf Act (1966), Maritime Enforcement Agency Act (2004), Communications and Multimedia Act (Act No. 588, 1998) , Prevention of Crime Act (Act No. 297, 1959) , Courts of Judicature Act 1964, Aviation Offences Act (Act No. 307, 1984)",,,,,,,,,,,,,,,,,,,,,,,,,,,,,,,,,
Maldives,462,MV,MDV,19100,2017,0,,0,,,,,,,,,,,,,,,,,,,,,,,,,,,,,,,,,,,,
Mali,466,ML,MLI,2200,2017,0,,0,,,,,,,,,,,,,,,,,,,,,,,,,,,,,,,,,,,,
Malta,470,MT,MLT,42000,2017,1,2000,1,2004,Dual Use Item's (Export Control) Regulation/Council Regulation (EC) No 1334/2000 of 22 June 2000,na,,,,,,,,,,,,,,,,,,,,,,,,,,,,,,,,,
Marshall Islands,584,MH,MHL,3400,2017,0,,0,,,,,,,,,,,,,,,,,,,,,,,,,,,,,,,,,,,,
Mauritania,478,MR,MRT,4400,2017,0,,0,,,,,,,,,,,,,,,,,,,,,,,,,,,,,,,,,,,,
Mauritius,480,MU,MUS,21600,2017,0,,0,,,,,,,,,,,,,,,,,,,,,,,,,,,,,,,,,,,,
Mexico,484,MX,MEX,19900,2017,1,2011,0,,"Acuerdo por el que se sujeta al requisito de permiso previo por parte de la Secretaría de Economía la exportación de armas convencionales, sus partes y componentes, bienes de uso dual, software y tecnologías susceptibles de desvío para la fabricación y proliferación de armas convencionales y de destrucción masiva y sus modificaciones del 13/12/2011, 7/07/2012, 22/10/2012, 8/02/2013 ","Constitucion , Codigo Penal , Codigo Procedimientos Penales , Ley Reglamentaria del Artículo 27 Constitucional en Material Nuclear , Ley que Declara Reservas Mineras Nacionales Los Yacimientos de Uranio, Torio y Las Demás Substancias de las Cuales Se Obtengan Isótopos Hendibles que Puedan Producir Energía Nuclear, Ley de Aviación Civil , Ley de Extradición Internacional , Ley Federal Contra la Delincuencia Organizada, Ley Orgánica de la Administración Pública Federal , Ley de Seguridad Nacional, Ley Aduanera , Acuerdo que establece la clasificación y codificación de mercancías cuya importación y exportación está sujeta a autorización por parte de la Secretaría de Energía, Manual de Organización de la Comisión Nacional de Seguridad Nuclear y Salvaguardias , Acuerdo por el que se modifica el diverso que establece la clasificación y codificación de mercancías cuya importación y exportación está sujeta a autorización por parte de la Secretaría de Energía, publicado el 2 de marzo de 2012 (15 Junio 2012) , Acuerdo por el que se modifica el diverso que establece la clasificación y codificación de mercancías cuya importación y exportación está sujeta a autorización por parte de la Secretaría de Energía, publicado el 2 de marzo de 2012 (18 Junio 2012) , Acuerdo del Consejo de Seguridad Nacional por el que se establece un Comité Especializado de Alto Nivel para coordinar las acciones del Poder Ejecutivo Federal que dan cumplimiento a las obligaciones internacionales del Estado mexicano en el ámbito nacional en materia de desarme, terrorismo y/o seguridad internacionales , Decreto por el que se reforman, adicionan y derogan diversas disposiciones del Reglamento para el Transporte Terrestre de Materiales y Residuos Peligrosos , Norma Oficial Mexicana NOM-012-STPS-1999, Condiciones de seguridad e higiene en los centros de trabajo donde se produzcan, usen, manejen, almacenen o transporten fuentes de radiaciones ionizantes , Norma Oficial Mexicana NOM-027-NUCL-1996, Especificaciones para el diseño de las instalaciones radiactivas tipo II clases A, B y C , Norma Oficial Mexicana NOM-002-SSA3-2007, Para la organización, funcionamiento e ingeniería sanitaria de los servicios de radioterapia , Norma Oficial Mexicana NOM-002-NUCL-2004, Pruebas de fuga y hermeticidad de fuentes selladas, Norma Oficial Mexicana NOM-034-NUCL-2009, Requerimientos de selección, calificación y entrenamiento del personal de centrales nucleoeléctricas, Norma Oficial Mexicana NOM-031-NUCL-2011, Requisitos para el entrenamiento del personal ocupacionalmente expuesto a radiaciones ionizantes , Norma Oficial Mexicana NOM-026-NUCL-2011, Vigilancia médica del personal ocupacionalmente expuesto a radiaciones ionizantes , Reglamento General de Seguridad Radiologica 
, Reglamento Interior de la Secretaría de Energía ",,,,,,,,,,,,,,,,,,,,,,,,,,,,,,,,,
"Micronesia, Federated States of",583,FM,FSM,3400,2017,0,,0,,,,,,,,,,,,,,,,,,,,,,,,,,,,,,,,,,,,
Moldova,498,MD,MDA,5700,2017,1,2000,0,,"Law No. 1163 on the Control of Export, Re-export, Import and Transit of Strategic Goods ","Statute of the National Agency for Regulation of Nuclear and Radiological Activities (2007), Law on the Safe Conduct of Nuclear and Radiological Activities (2012), Criminal Code, Criminal Procedure Code, Law No. 45 on Operative Investigations , Law No. 416 on the Police , Law No. 539 on Combating Terrorism , Decision No. 1254 on the National Commission for Monitoring Arms Control and Disarmament  , Law No. 451 on Licensing Certain Types of Activity , Regulation No. 606 on the Interdepartmental Commission for Control of Export, Re-export, Import and Transit of Strategic Goods , Customs Code , Law No. 108 on the Border of the Republic of Moldova , Law No. 1031 on the State Regulation of External Trade , Law No. 1236 on Harmful Products and Substances , Decision No. 45 on the Transport of Hazardous Cargo , Decision No. 672 on Transport of Dangerous Goods , Decision No. 637 on the Control and Trans-boundary Transportation of Waste , Decision No. 961 on the approval of the national network of laboratory observation and control of contamination (pollution) of the environment with radioactive substances, poisonous, highly toxic and biological agents,Law No. 10 on State Supervision of Public Health, Law No. 271 on Civil Protection, Decision No. 886 on the Approval of the National Health Policy, Decision No. 820 on the National Commission for Outstanding Public Health, Decision No. 475 on the Approval of the Actions Implementing the International Health Regulations in the Republic of Moldova, Law No. 1422 on Air Protection",,,,,,,,,,,,,,,,,,,,,,,,,,,,,,,,,
Monaco,251,MN,MNG,115700,2015,1,1995,0,,Decree No. 95-613 of 5 May 1995 on the control of exports of dual-use goods,"Convention on Good Neighbourliness between France and the Principality of Monaco 1963, French Penal Code, French Law No. 72-467 1972
",,,,,,,,,,,,,,,,,,,,,,,,,,,,,,,,,
Mongolia,496,ME,MNE,13000,2017,0,,0,,,,,,,,,,,,,,,,,,,,,,,,,,,,,,,,,,,,
Montenegro,499,MA,MAR,17700,2017,1,2005,0,,"Law on Foreign Trade in Weapons, Military Equipment and Dual-use Goods (2 February 2005)","Law on Ionizing Radiation Protection and Radiation Safety (2009), Rulebook on Requirements for Trading in and Use of Radioactive Materials, Rulebook on Application of Ionising Radiation Sources in Medicine, Rulebook on Radioactive Waste, Law on Explosive Substances, Criminal Code (“Official Gazette of the Republic of Montenegro”, no. 70/03), Criminal Procedure Code (“Official Gazette of the Republic of Montenegro”, no. 71/03), Law on Health Care, Law on the Prevention of Money Laundering and Terrorist Financing, Decree on the Promulgation of the Law on Transport of Dangerous Goods (11 January 2008), Law on Transportation of Dangerous Substances (2008), Police Law (14 November 2005), Health Inspection Law, The Law on Mutual Legal Assistance in Criminal Matters (Official Gazette of Montenegro, No. 04/08 dated 17.01.2008), Customs Law, Law on the State Border Surveillance, Law on Foreign Trade",,,,,,,,,,,,,,,,,,,,,,,,,,,,,,,,,
Morocco,504,MZ,MOZ,8600,2017,na,na,0,,na,na,,,,,,,,,,,,,,,,,,,,,,,,,,,,,,,,,
Mozambique,508,MM,MMR,1200,2017,0,,0,,,,,,,,,,,,,,,,,,,,,,,,,,,,,,,,,,,,
Myanmar,104,NA,NAM,6200,2017,0,,0,,,,,,,,,,,,,,,,,,,,,,,,,,,,,,,,,,,,
Namibia,516,NR,NRU,11300,2017,na,na,0,,na,na,,,,,,,,,,,,,,,,,,,,,,,,,,,,,,,,,
Nauru,520,NP,NPL,12200,2017,0,,0,,,,,,,,,,,,,,,,,,,,,,,,,,,,,,,,,,,,
Nepal,524,NL,NLD,2700,2017,0,,0,,,,,,,,,,,,,,,,,,,,,,,,,,,,,,,,,,,,
Netherlands,528,NZ,NZL,53600,2017,1,1999,1,,"Strategic Goods Import and Export Order (Stb. 1999, 516)",Council Regulation (EC) No 1334/2000 of 22 June 2000,,,,,,,,,,,,,,,,,,,,,,,,,,,,,,,,,
New Zealand,554,NI,NIC,38900,2017,1,1996,0,,Customs and Excise Act,"The Nuclear Free Zone, Disarmament and Arms Control Act 1987, Counter-Terrorism Bill (11 August 2003 No. 27-2), Report of the Foreign Affairs, Defence and Trade Committee (Counter Terrorism Bill), Customs Export Prohibition Order 2002, Health Act 1956, Terrorism Suppression Act 2002",,,,,,,,,,,,,,,,,,,,,,,,,,,,,,,,,
Nicaragua,558,NE,NER,5800,2017,na,na,0,,na,na,,,,,,,,,,,,,,,,,,,,,,,,,,,,,,,,,
Niger,562,NG,NGA,1200,2017,0,,0,,,,,,,,,,,,,,,,,,,,,,,,,,,,,,,,,,,,
Nigeria,566,NU,NIU,5900,2017,0,,0,,,,,,,,,,,,,,,,,,,,,,,,,,,,,,,,,,,,
Niue,570,NO,NOR,5800,2003,0,,0,,,,,,,,,,,,,,,,,,,,,,,,,,,,,,,,,,,,
Norway,579,OM,OMN,71800,2017,1,1987,0,,Strategic Goods Act 1987,"General Civil Penal Code [extract], Import and Export Act 1997, Ordinance of 10 January 1989 to implement regulations for strategic goods, services and technology, Military Penal Code Section 107, Guidelines for Ministry for Foreign Affairs processing of applications to export arms, military materials, as well as technology and services for military use 1992",,,,,,,,,,,,,,,,,,,,,,,,,,,,,,,,,
Oman,512,PK,PAK,45200,2017,na,na,0,,na,na,,,,,,,,,,,,,,,,,,,,,,,,,,,,,,,,,
Pakistan,586,PA,PAN,5400,2017,1,2004,0,,"Export Control on Goods, Technologies, Material and Equipment Related To Nuclear and Biological Weapons And Their Delivery System Act 2004","Pakistan Penal Code, Criminal Procedure Code, Customs Act 1969, Import Policy Order 2006, Surrender of Illicit Arms Act 1991, Extradition Act 1972, Anti-Money Laundering Ordinance 2007, Anti-Terrorism Act 1997, Anti-Terrorism (Amendment) Ordinance 1999, Arms Ordinance 1965, Mines Act 1923, Notification No. F. 8-52 / 94 (PAEC) / FA on the Creation of Pakistan Nuclear Regulatory Board, Pakistan Nuclear Regulatory Authority Enforcement Regulations (PAK / 950), Regulations on Transaction of Business of Pakistan Nuclear Regulatory Authority - (PAK / 901), Regulations on the Safety of Nuclear Power Plants Operation (PAK / 913) (Rev. 1), Regulation on the Safety of Nuclear Power Plant Design (PAK / 911) (Rev. 1), Regulations on the Safety of Nuclear Power Plants - Quality Assurance (PAK / 912) (Rev. 1), Regulations for Licensing of Nuclear Installations in Pakistan - (PAK / 909) (Rev. 1), Regulations on the Safety of Nuclear Research Reactor (s) Operation - (PAK / 923), Regulations on Licensing Fee by Pakistan Nuclear Regulatory Authority - (PAK / 900) (Rev. 1), Regulations for Licensing of Nuclear Safety Class Equipment and Components Manufacturers - (PAK / 907) (Rev. 0), Regulations for the Licensing of Radiation Facility (ies) other than Nuclear Installation (s) - (PAK / 908), Regulations on the Safety of Nuclear Installations - Site Evaluation (PAK / 910) (Rev. 1), Regulations for the Safe Transport of Radioactive Material - (PAK / 916), Regulations on Radioactive Waste Management - (PAK / 915), Pakistan Nuclear Safety and Radiation Protection Regulations 1990, Pakistan Nuclear Safety and Radiation Protection (Treatment of Food by Ionizing Radiation) Regulations 1996, Atomic Energy Commission Ordinance 1965, PNRA Ordinance 2001",,,,,,,,,,,,,,,,,,,,,,,,,,,,,,,,,
Panama,591,PG,PNG,25400,2017,na,na,0,,na,na,,,,,,,,,,,,,,,,,,,,,,,,,,,,,,,,,
Papua New Guinea,598,PY,PRY,3700,2017,0,,0,,,,,,,,,,,,,,,,,,,,,,,,,,,,,,,,,,,,
Paraguay,600,PE,PER,9800,2017,na,na,0,,na,na,,,,,,,,,,,,,,,,,,,,,,,,,,,,,,,,,
Peru,604,PH,PHL,13300,2017,na,na,0,,na,na,,,,,,,,,,,,,,,,,,,,,,,,,,,,,,,,,
Philippines,608,PL,POL,8300,2017,0,,0,,,,,,,,,,,,,,,,,,,,,,,,,,,,,,,,,,,,
Poland,616,PT,PRT,29100,2017,1,2000,1,,"Law of 29 November 2000 concerning international trade in goods, technologies and services of strategic significance for state security and maintenance of international peace and security, and amending selected laws",Council Regulation (EC) No 1334/2000 of 22 June 2000,,,,,,,,,,,,,,,,,,,,,,,,,,,,,,,,,
Portugal,620,QA,QAT,30400,2017,1,1980,1,,"Decree-Law 371/80, 11 September","Council Regulation (EC) No 1334/2000 of 22 June 2000, Decree-Law 1/86, 02 January
Decree-Law 436/91, 08 November
Decree (“Portaria”) 439/94, 29 June
Decree-Law 397/98, 17 December",,,,,,,,,,,,,,,,,,,,,,,,,,,,,,,,,
Qatar,634,KR,KOR,124500,2017,0,,0,,,,,,,,,,,,,,,,,,,,,,,,,,,,,,,,,,,,
Republic of Korea (South Korea),410,RO,ROU,39400,2017,1,1987,0,,"1 Presidential Decree no. 12 191 on the Foreign Trade Act, 30 June 198",Counter Terrorism Legislation 2001,,,,,,,,,,,,,,,,,,,,,,,,,,,,,,,,,
Romania,642,RU,RUS,24500,2017,1,2007,1,2003,Law No. 387 of 2003/Council Regulation (EC) No 1334/2000 of 22 June 2000,,,,,,,,,,,,,,,,,,,,,,,,,,,,,,,,,,
Russia,643,RW,RWA,27800,2017,1,na,0,,na,na,,,,,,,,,,,,,,,,,,,,,,,,,,,,,,,,,
Rwanda,646,KN,KNA,2100,2017,0,,0,,,,,,,,,,,,,,,,,,,,,,,,,,,,,,,,,,,,
Saint Kitts & Nevis,659,LC,LCA,26800,2017,na,na,0,,na,na,,,,,,,,,,,,,,,,,,,,,,,,,,,,,,,,,
Saint Lucia,662,VC,VCT,14400,2017,na,na,0,,na,na,,,,,,,,,,,,,,,,,,,,,,,,,,,,,,,,,
Saint Vincent & the Grenadines,670,WS,WSM,11500,2017,0,,0,,,,,,,,,,,,,,,,,,,,,,,,,,,,,,,,,,,,
Samoa,882,ST,STP,5700,2017,0,,0,,,,,,,,,,,,,,,,,,,,,,,,,,,,,,,,,,,,
Sao Tome and Principe,678,SA,SAU,3200,2017,0,,0,,,,,,,,,,,,,,,,,,,,,,,,,,,,,,,,,,,,
Saudi Arabia,682,SN,SEN,54800,2017,0,,0,,,,,,,,,,,,,,,,,,,,,,,,,,,,,,,,,,,,
Senegal,686,RS,SRB,2700,2017,0,,0,,,"Décret n° 2002-839 du 27 août 2002 portant création de la commission nationale chargée des armes nucléaires, biologiques et chimiques",,,,,,,,,,,,,,,,,,,,,,,,,,,,,,,,,
Serbia,688,SC,SYC,15000,2017,1,2005,0,,"Law on Foreign Trade in Weapons, Military Equipment and Dual-use Goods (2 February 2005)","Constitution, Criminal Code 2009, Criminal Procedure Code 2011, Law on the Prevention of Money Laundering and the Financing of Terrorism 2009, Law on Foreign Trade in Weapons, Military Equipment and Dual-use Goods (February 2, 2005), Law on Environmental Protection, Law on Public Health, Law on Workplace Safety and Health, Law on Environmental Protection, Law on Waste Management 2010, Law on State Border Protection, Law on Police 2005, Law on the Liability of Legal Entities for Criminal Offenses, Law on Mutual Assistance in Criminal Matters",,,,,,,,,,,,,,,,,,,,,,,,,,,,,,,,,
Seychelles,690,SL,SLE,28900,2017,0,,0,,,,,,,,,,,,,,,,,,,,,,,,,,,,,,,,,,,,
Sierra Leone,694,SG,SGP,1600,2017,0,,0,,,,,,,,,,,,,,,,,,,,,,,,,,,,,,,,,,,,
Singapore,702,SK,SVK,93900,2017,1,2003,0,,Strategic Good (Control Act),"Criminal Code, Criminal Procedure Code Act 2010 (No. 15 Of 2010), First Schedule, Second Schedule, Third Schedule, Forth Schedule, Fifth Schedule, Sixth Schedule, Terrorism (Suppression of Bombings) Act 2007, Terrorism (Suppression of Financing) Act (Act 16 Of 2002), United Nations (Anti-Terrorism Measures) Regulations 2001, Strategic Goods (Control) Order 2007, Infectious Diseases Act, Hazardous Waste (Control Of Export, Import And Transit) Act Schedule, Protected Areas and Protected Places Act, Customs Act, Regulation of Imports and Exports Act, Mutual Assistance in Criminal Matters Act, Monetary Authority of Singapore Act Schedule",,,,,,,,,,,,,,,,,,,,,,,,,,,,,,,,,
Slovakia,703,SI,SVN,33000,2017,1,1994,1,,Regulation of the Ministry of Economy No. 23/1994 List of Items and Technology Subject to Control Regimes 1994,"Criminal Code, Law No. 179/1998 Collection of Laws on Trading in Military Equipment, as amended 1998, Law No. 26/2002 Collection of Laws on Control of Imports and Exports of Items and Technology Subject to International Control Regimes 2001",,,,,,,,,,,,,,,,,,,,,,,,,,,,,,,,,
Slovenia,705,SB,SLB,34400,2017,1,2004,1,,Act Regulating the Control of Exports of Dual Use Items,na,,,,,,,,,,,,,,,,,,,,,,,,,,,,,,,,,
Solomon Islands,90,ZA,ZAF,2200,2017,0,,0,,,,,,,,,,,,,,,,,,,,,,,,,,,,,,,,,,,,
South Africa,710,SS,SSD,13500,2017,1,1993,0,,Non-Proliferation of Weapons of Mass Destruction Act 1993,"Nuclear Energy Act, National Nuclear Regulator Act, National Radioactive Waste Disposal Institute, Criminal Law Amendment Act (No. 105 of 1997) , International Cooperation in Criminal Matters Act (No. 75 of 1996), Prevention of Organized Crime Act (No. 121 of 1998), Anti-Terrorism Bill 2002, Protection of Constitutional Democracy against Terrorist and Related Activities Act (No. 33 of 2004), Non-Proliferation of Weapons of Mass Destruction Amendment 1995, Non-Proliferation of Weapons of Mass Destruction Amendment 1996, Declaration No. 429 of Certain Missile Technology and Related Items as Controlled Goods and Control Measures Applicable to Such Goods 2002, Declaration No. 430 of Certain Nuclear-related Dual-use Equipment, Materials And Related Technology Items as Controlled Goods and Control Measures Applicable to such Goods 2002, Declaration No. 704 of Certain Goods To Be Controlled Goods and the Control Measures Applicable to Such Goods 1997  , Decision No. 152 of Certain Goods To Be Controlled Goods and Control Measures Applicable to Such Goods 2003, Declaration No. 428 of Certain Goods and Technologies to be Controlled and Control Measures Applicable to Goods 2002 , Customs and Excise Act (No. 91 of 1964), Financial Intelligence Center Act (No. 38 of 2001), Public Health Act (No 36 of 1919) (No 2306, clause no 4), Occupational Health and Safety Act (No. 85 of 1993), Regulation of Interception of Communications and Provision of Communications-Related Information Act (No. 70 of 2002)  , Disaster Management Act (No. 57 of 2002), Government Notice on the declaration of certain goods as controlled goods and the determination of control measures applicable to such goods (Government Notice No. R.75 of 29 January 2004), Regulations relating to the registration of persons in control of any activity with regard to controlled goods or who have controlled goods in their possession or custody or under their control (Regulation No. R.16 of 3 February 2010)",,,,,,,,,,,,,,,,,,,,,,,,,,,,,,,,,
South Sudan,728,ES,ESP,1500,2017,0,,0,,,,,,,,,,,,,,,,,,,,,,,,,,,,,,,,,,,,
Spain,724,LK,LKA,38300,2017,1,2000,1,2004,"REAL DECRETO 1782/2004, de 30 de julio, por el que se aprueba el Reglamento de control del comercio exterior de material de defensa, de otro material y de productos y tecnologías de doble uso.","Law 53 of 28 December 2007 on the ""Control of  foreign trade of defence material and dual use items""/Council Regulation (EC) No 1334/2000 of 22 June 2000",,,,,,,,,,,,,,,,,,,,,,,,,,,,,,,,,
Sri Lanka,144,SD,SDN,12800,2017,0,,0,,,,,,,,,,,,,,,,,,,,,,,,,,,,,,,,,,,,
Sudan,729,SR,SUR,4600,2017,0,,0,,,,,,,,,,,,,,,,,,,,,,,,,,,,,,,,,,,,
Suriname,740,SZ,SWZ,14600,2017,na,na,0,,na,na,,,,,,,,,,,,,,,,,,,,,,,,,,,,,,,,,
Sweden,752,SE,SWE,51500,2017,1,1991,1,,Lag No. 341 Strategiska Produkter 1991,"The Act on Nuclear Activities (1984), Radiation Protection Act (1988), Regulations and General Advice concerning Safety in Nuclear Facilities (2008), Ordinance with Instructions for the Swedish Radiation Safety Authority (2008), Regulations and General Recommendations concerning Exemptions from the Requirement for Approval of Contractors (2008), General Recommendations concerning Section 5 of the Act (1984) on Nuclear Activities, Penal code, Law No. 1300 War Material 1992 [extracts], Lag No. 1300 Krigsmaterial 1992, Förordning (1992: 1303) om Krigsmaterial, Law No. 341 Strategic Material 1991 [extracts], Law No. 397 on Strategic Products 1998, Förordning (1994: 2060) om Strategiska Produckter 1994, Förordning (1998: 400) om Strategiska Produckter 1998, Förordning (1991: 343) om förbud word utförsel au vissa produkter som kan användas i massförstörelsesyfte 1991, Law on Control over Products with Dual-Use and of Technical Assistance 2000, Vapenlag (1973: 1176), Government Bill 1975/76: 43, SFS 1975: 85, Act of Security SFS 1996: 627",,,,,,,,,,,,,,,,,,,,,,,,,,,,,,,,,
Switzerland,757,SY,SYR,61400,2017,1,1996,0,,Federal Act on the Control of Goods Suitable for Civilian and Military Purposes and Specific Military Goods (RS 946.202 Loi fédérale du 13 décembre 1996 sur le contrôle des biens utilisables à des fins civiles et militaires et des biens militaires spécifiques),"Federal Act on the Control of Goods Suitable for Civilian and Military Purposes and Specific Military Goods ( RS 946.202 Federal Law of 13 December 1996 on the control of goods used for civil and military purposes and of specific military goods ), Swiss Criminal Code ( RS 311.0 Swiss Criminal Code of December 21, 1937 ) , Swiss Code of Criminal Procedure ( RS 312.0 Swiss Code of Criminal Procedure of October 5, 2007 ), Military Criminal Code ( RS 321.0 Military Criminal Code of June 13, 1927 ), Ordinance on the Communication of Penal Decisions Taken by Cantonal Authorities ( RS 312.3 Ordinance of 10 November 2004 regulating the communication of criminal decisions taken by the cantonal authorities ) , Federal Act on Covert Investigations ( RS 312.8 Federal Act of June 20, 2003 on the secret investigation ) , Federal Act on International Legal Aid in Criminal Cases ( RS 351.1 Federal Law of March 20, 1981 on International Mutual Assistance in Criminal Matters ) , Ordinance on the National Central Bureau Interpol Bern ( RS 351.21 Ordinance of December 1, 1986 concerning the National Central Bureau Interpol Bern ) , Federal Act on Main Offices of Criminal Investigation Departments of the Confederation ( RS 360 Federal Law of October 7, 1994 on the Central Criminal Police Offices of the Confederation ) , Ordinance on the Information System of the Federal Criminal Police ( RS 360.2 Ordinance of October 15, 2008 on the computerized system of the Federal Criminal Police ) , Federal Act on Measures Ensuring Homeland Security ( RS 120 Federal Act of March 21, 1997 instituting measures for the maintenance of internal security ) , Ordinance on the Intelligence Service of the Confederation ( RS 121.1 Ordinance of December 4, 2009 on the Intelligence Service of the Confederation ) , Ordinance on Information Systems of the Intelligence Service of the Confederation ( RS 121.2 Ordinance of October 8, 2014 on the information systems of the Intelligence Service of the Confederation ) 
Federal Act on the Prohibiton of ""Al-Qaeda"" and ""Islamic state"" Groups and Related Organizations ( RS 122 Federal Law of December 12, 2014 prohibiting ""Al-Qaida"" and Islamic State ""groups and related organizations ), Ordinance on the Coordinated Medical Service ( RS 501.31 Ordinance of April 27, 2005 on the Coordinated Health Service ) , Federal Act on the Army and the Military Administration ( RS 510.10 Federal Law of February 3, 1995 on the army and military administration ), Ordinance on Domestic Disaster Management by the Army ( RS 513.75 Ordinance of 29 October 2003 on military aid in the event of disasters in the country ) , Federal Act on War Material ( RS 514.51 Federal Law of 13 December 1996 on war material ) , Ordinance on War Material ( RS 514.511 Ordinance of 25 February 1998 on war material ), Federal Act on the Protection of the Population and Civil Protection ( RS 520.1 Federal Law of October 4, 2002 on the Protection of the Population and on Civil Protection ) , Ordinance on the Organization of Deployments in case of NBC Incidents and Natural Incidents ( RS 520.17 Ordinance of 20 October 2010 on the organization of intervention in the event of an ABC event and a natural event ), Ordinance on the National Emergency Operations Center ( RS 520.18 Ordinance of October 17, 2007 on the National Alarm Center ) , Federal Act on Customs ( RS 631.0 Law of 18 March 2005 on customs ) , Ordinance on Customs ( RS 631.01 Ordinance of November 1, 2006 on customs ) , Ordinance on Competencies of the Federal Customs Administration in Criminal Matters ( RS 631.09 Order of April 4, 2007 regulating the powers of the Federal Customs Administration in criminal matters ), Ordinance on the Transportation of Hazardous Goods on the Road ( RS 741.621 Ordinance of 29 November 2002 on the transport of dangerous goods by road ), Ordinance on Hazardous Goods Representatives for the Transportation of Hazardous Goods on the Road, by Air or by Sea ( RS 741.622 Ordinance of 15 June 2001 on safety advisers for the transport of dangerous goods by road, rail or inland waterway ), Ordinance on the Transportation of Hazardous Goods by Railway and Aerial Railway (RS 742.412 Order of 31 October 2012 on the transport of dangerous goods by rail and by cableway installation), Federal Act on Surveillance of Postal Mail and Telecommunications ( RS 780.1 Federal Law of 6 October 2000 on the surveillance of correspondence by post and telecommunications ), Ordinance on Surveillance of Postal Mail and Telecommunications ( RS 780.11 Ordinance of October 31, 2001 on the surveillance of correspondence by post and telecommunications ), Federal Act on the Protection against Dangerous Substances and Preparations ( RS 813.1 Federal Law of 15 December 2000 on protection against dangerous substances and preparations ) , Federal Act on the Protection of the Environment ( RS 814.01 Federal Law of October 7, 1983 on the protection of the environment ), Ordinance on the Protection against Major Accidents ( RS 814.012 Ordinance of February 27, 1991 on protection against major accidents ), Ordinance on Waste Management ( RS 814.600 Ordinance of 10 December 1990 on the treatment of waste ), Ordinance on the Border Medical Service ( RS 818.125.1 Ordinance of June 17, 1974 on the Border Health Service ), Ordinance on Measures Taken by the Border Medical Service ( RS 818.125.11 Ordinance of the DFI of December 9, 2005 on the measures to be taken by the Border Health Service ), Ordinance on the Transportation and Sepulture of Contagious Cadavers and the Transportation of Cadavers to or from Abroad ( RS 818.61 Ordinance of June 17, 1974 on the transport and burial of corpses presenting a danger of contagion as well as the transport of corpses from or to from abroad ), Ordinance Relating to the Act of Labor ( RS 822.114 Ordinance 4 of 18 August 1993 relating to the Labor Law ) , Ordinance on the Export, Import and Transit of Goods Suitable for Civilian and Military Purposes and Specific Military Goods ( RS 946.202.1 Ordinance of 25 June 1997 on the export, import and transit of goods used for civil and military purposes and specific military goods ), Ordinance on the Control of Chemicals Suitable for Civilian and Military Purposes ( RS 946.202.21 Ordinance of October 17, 2007 on the control of chemicals usable for civil and military purposes ) , Federal Act on Sanctions on Trade with Foreign Countries ( RS 946.231 Federal Law of March 22, 2002 on the Application of International Sanctions ) , Ordinance on Measures against the Democratic People's Republic of Korea ( RS 946.231.127.6 Order of October 25, 2006 instituting measures against the Democratic People's Republic of Korea ) , Ordinance Establishing Measures against Persons and Entities Linked to Osama bin Laden, the al-Qaeda Group or the Taliban ( RS 946.203 Order of October 2, 2000 instituting measures against persons and entities related to Osama bin Laden, in the group ""Al -Qaida ""or to the Taliban ), Ordinance on the Prevention of Money Laundering and Financing of Terrorism in the Banking, Stockbroker and Collective Investment Sectors ( RS 955.022 Order of the Federal Financial Market Supervisory Authority of 18 December 2002 on the prevention of money laundering and the financing of terrorisn the field of banks, securities dealers and collective investments ) , Ordinance of the Swiss Financial Market Supervisory Authority on the Prevention of Money Laundering and Financing of Terrorism ( RS 955.033.0 Ordinance of the Federal Financial Market Supervisory Authority of 8 December 2010 on the prevention of money laundering and the financing of terrorism ), Ordinance on the Reporting Bureau in Matters of Money Laundering ( RS 955.23 Ordinance of August 25, 2004 on the Money Laundering Communication Office ) ",,,,,,,,,,,,,,,,,,,,,,,,,,,,,,,,,
Syria,760,TJ,TJK,2900,2015,0,,0,,,,,,,,,,,,,,,,,,,,,,,,,,,,,,,,,,,,
Tajikistan,762,TZ,TZA,3200,2017,1,1997,0,,Act No. 521: Law on Export Control,,,,,,,,,,,,,,,,,,,,,,,,,,,,,,,,,,
Tanzania,834,TH,THA,3200,2017,0,,0,,,,,,,,,,,,,,,,,,,,,,,,,,,,,,,,,,,,
Thailand,764,TL,TLS,17900,2017,0,,0,,,,,,,,,,,,,,,,,,,,,,,,,,,,,,,,,,,,
Timor-Leste,626,TG,TGO,5400,2017,0,,0,,,,,,,,,,,,,,,,,,,,,,,,,,,,,,,,,,,,
Togo,768,TK,TKL,1700,2017,0,,0,,,,,,,,,,,,,,,,,,,,,,,,,,,,,,,,,,,,
Tonga,776,TO,TON,5600,2017,0,,0,,,,,,,,,,,,,,,,,,,,,,,,,,,,,,,,,,,,
Trinidad & Tobago,780,TT,TTO,31400,2017,na,na,0,,na,na,,,,,,,,,,,,,,,,,,,,,,,,,,,,,,,,,
Tunisia,788,TN,TUN,11800,2017,0,,0,,,,,,,,,,,,,,,,,,,,,,,,,,,,,,,,,,,,
Turkey,792,TR,TUR,26900,2017,1,1995,0,,"Export Regime Decree No. 1995/7623 (Export Regime Decree, 1995)/Import Regime Decree No. 1995/7606 (the Import Regime Decree, 1995)","Constitution, Criminal Code, Criminal Procedure Code, Law on the Police, By-law on the Collection of Evidence, Law on the Organization and Duties of the Ministry of Justice, Law on the Fight against Terrorism, Law on State of Emergency, Law on the Organization and Duties of the Ministry on Disaster and Emergency Management, Law on the Fight against Smuggling, By-law on the Fight against Smuggling, Law on the Control of Industrial Entities Producing War Materials and Equipment, By-law on the Control of Industrial Entities Producing War Materials and Equipment, Control List of War Materials and Equipment, Notification on Dual-Use Goods and End-User Certificates, Law on Road Transport, Labour Law, Law on Public Health, Law on the Environment, By-law on the Control of Hazardous Waste, By-law on the Control of Medical Waste",,,,,,,,,,,,,,,,,,,,,,,,,,,,,,,,,
Turkmenistan,795,TM,TKM,18100,2017,0,,0,,,,,,,,,,,,,,,,,,,,,,,,,,,,,,,,,,,,
Tuvalu,798,TV,TUV,3800,2017,0,,0,,,,,,,,,,,,,,,,,,,,,,,,,,,,,,,,,,,,
Uganda,800,UG,UGA,2400,2017,0,,0,,,,,,,,,,,,,,,,,,,,,,,,,,,,,,,,,,,,
Ukraine,804,UA,UKR,8700,2017,1,1996,0,,"Cabinet of Ministers Decree No. 1005 on Procedures for Controlling the Export, Import and Transit of Certain Items, Equipment, Materials, Software and Technologies that Can be Used to Create Weapons, Military or Special Equipment 1996","Constitution, Criminal Code, Criminal Procedure Code, Law on Authorizing Activity in Nuclear Energy, Order of Licensing of Particular Activities in the Use of Nuclear Energy, Law on Arrangement of Issues on Nuclear Safety Assurance, Law on Human Protection against Impact of Ionizing Radiation, Law on Radioactive Waste Management, Law of Ukraine on Environmental Protection, Law on the Fight against Terrorism adopted by the Ukrainian Parliament on 20 March 2003 (No. 638-IV), Decree on the Implementation of United Nations Security Council Resolution 1373 (2001) of 28 September 2001, Law of Ukraine on the prevention and counteraction to legalization (to washing) of the profits got a criminal way, Cabinet of Ministers Decision No.830 approving the Status of the State service of export control of Ukraine, of 13 June 2007, Act No. 549-IV, of 20 February 2003, on State control over international transfers of military and dual-use goods, Cabinet of Ministers Decision No. 1807 of 20 November 2003 approving the procedure for State control of international transfers of military goods, Cabinet of Ministers Decision No. 86 of 28 January 2004 approving the implementation of State control of international transfers of military goods, Cabinet of Ministers Decision No. 920 of 27 May 1999 approving regulations governing the procedure for the provision of safeguards and State monitoring of obligations regarding the use, for declared purposes, of goods subject to State export control, Cabinet of Ministers Decision No. 838 of 8 June 1998 approving regulations governing the procedure for granting entities engaged in foreign trade the right to export and import military goods and goods containing information that constitutes a State secret , Regulations No. 125/98 on the Procedures of State Control on Conducting the Negotiations aimed in Conclusion External Economic Agreements (Contracts) on Conducting International Transit of Goods for Military Purposes and Double Use  , Law on the State border of Ukraine, of 4 November 1991, Law on the intelligence agencies of Ukraine, Resolution No. 48 of the Cabinet of Ministers, of 18 January 1999. Guidelines for the coordination of action of the organs of executive authority and the organs of local self-government on matters concerning compliance with State border regulations, Presidential Decree No. 342 of 17 April 2002 approving Regulations governing the State Export Control Service of Ukraine, Code of Administrative Offences (article 188-17), Ordinance on the organization of criminal investigation (23/2004/PL‐UBTVQH11), Cabinet of Ministers Decree No. 1358 on the Statute on the Procedure for State Monitoring of International Transfer of Dual-Use Goods Contained in Control Lists 1997, Decree No. 1279/1996 on Further Improvements of State Export Control, Regulations No. 117/98 on State Export Control , Presidential Decree 21/02/75 , Cabinet of Ministers Decree No. 159 on creation of a List of Raw Materials, Materials, Equipment and Technologies Which Require Special Permission for Export 1993 , Cabinet of Ministers Decree No. 1217 on the Government Commission for Export Control Policy 1997, Cabinet of Ministers Decree No. 651 on the Statute of the State Service for Export Control 2000 , ",,,,,,,,,,,,,,,,,,,,,,,,,,,,,,,,,
United Arab Emirates,784,AE,ARE,67700,2017,1,2007,0,,Federal Law No. 13 of 2007 Regarding Commodities that are Subject to Import and Export Control Procedures,"Decree by Federal Law No. 1 of 2004 on Combating Terrorism Offences, Federal Penal Code (Act No. 3 of 1987) (extract), Federal Law No. 4 of 2002 Regarding Criminalization of Money Laundering, Common Customs Law of the GCC States, Federal Law No. 24 of 1999 for the Protection and Development of the Environment, Federal Law No. 8 of 1980 on Regulation of Labour Relations",,,,,,,,,,,,,,,,,,,,,,,,,,,,,,,,,
United Kingdom,826,GB,GBR,44100,2017,1,1994,0,,The Export of Goods (Control) Order 1994,"Nuclear Material Offences Act 1983 The extradition (Protection of Nuclear Material) Order 1997, Anti-Terrorism, Crime and Security Act 2001 [extracts] Anti-Terrorism, Crime and Security Act 2001, Part 8 Energy Act 2011 Energy Act 2013 Atomic Energy Authority Act 1954 Atomic Energy Authority Act 1959 Atomic Energy Authority Act 1971 Atomic Energy Authority (Weapons Group) Act 1973 Atomic Energy  Authority Act 1986 Atomic Energy Authority Act 1995 Nuclear Safeguards Act 2000, Atomic Weapons Establishment Act 1991 Atomic Weapons Establishment Act Amendment 1997 Nuclear installations Act 1965 Nuclear Installations (Application of Security Provisions) Order 1993 Nuclear Industries Security Regulations 2003 Uranium Enrichment Technology Regulations 2004 Radioactive substances Act 1993 Ionising Radiations Regulations 1999 Radiations (Emergency and Preparedeness and Public Information) Regulations 2001 Radioative Material (Road Transport) Act 1991 Radioactive Material Road Transport Regulations 2002 Radioactive Material Road Transport Regulations Amendment 2003 Packaging, Labeling and and Carriage of Radioactive Material by Rail Regulations 2002 The Carriage of Dangerous Goods (Classification, Packaging and Labelling) and Use of Transportable Pressure Receptacles Regulations 1996 The Carriage of Dangerous Goods (Amendment) Regulations 1999 The Carriage of Dangerous Goods by Rail Regulations 1996 The Carriage of Dangerous Goods by Road Regulations 1996 The Control of Substances Hazardous to Health Regulations 2002 The Dual-Use and Related Goods (Export Control) Regulations 1996 The Dual-Use and Related Goods (Export Control) (Amendment) Regulations 1997 The Dual-Use and Related Goods (Export Control) (Amendment No.2) Regulations 1997 The Dual-Use and Related Goods (Export Control) (Amendment No.3) Regulations 1997 The Dual-Use and Related Goods (Export Control) (Amendment No.4) Regulations 1997 The Dual-Use and Related Goods (Export Control) (Amendment) Regulations 1998 The Dual-Use and Related Goods (Export Control) (Amendment No. 2) Regulations 1998 The Dual-Use and Related Goods (Export Control) (Amendment) Regulations 1999 The Dual-Use and Related Goods (Export Control) (Amendment No. 2) Regulations 1999 The Dual-Use and Related Goods (Export Control) (Amendment No. 3) Regulations 1999 The Dual-Use and Related Goods (Export Control) (Amendment) Regulations 2000 The Dual-use Items (Export Control) Regulations 2000 The Dual-use Items (Export Control) (Amendment) Regulations 2000, The Dual-use Items (Export Control) (Amendment) Regulations 2001, The Dual-use Items (Export Control) (Amendment) Regulations 2002, The Dual-use Items (Export Control) (Amendment) Regulations (No.2) 2002, The Environmental Protection Act 1990, The Export Control Act 2002, The Export of Goods (Control) Order 1994, The Export of Goods (Control) Order 1994 (Amendment) Order 1994, The Export of Goods (Control) Order 1994 (Amendment No.3) Order 1994, The Export of Goods (Control) (Amendment No.2) Order 1995, The Export of Goods (Control) (Amendment No.2) Order 1996, The Export of Goods (Control) (Amendment) Order 1997, The Export of Goods (Control) (Amendment No.2) Order 1997, The Export of Goods (Control) (Amendment No.3) Order 1997, The Export of Goods (United Nations Sanctions) (Sierra Leone) Order 1997, The Export of Goods (Control) (Amendment) Order 1999, The Export of Goods (Control) (Amendment No. 2) Order 1999, The Export of Goods (Control) (Amendment No.3) Order 1999, The Export of Goods (Control) (Amendment No.6) Order 1999, The Export of Goods (Control) (Amendment) Order 2000, The Export of Goods (Control) (Amendment No 2) Order 2000, The Export of Goods (Control) (Amendment No 3) Order 2000, The Export of Goods (Control) (Amendment No 5) Order 2000, The Export of Goods (Control) (Amendment No 6) Order 2000, The Export of Goods (Control) (Amendment) Order 2001, The Export of Goods (Control) (Amendment No 2) Order 2001, The Export of Goods (Control) (Amendment) Order 2002, The Import of Goods (Control) Order 1954, Health and Safety at Work Act 1974",,,,,,,,,,,,,,,,,,,,,,,,,,,,,,,,,
United States,842,US,USA,59500,2017,1,1949,0,,Export Control Act,"United States Code, Title 18 Crimes and Criminal Procedure, Chapter 39 Explosives and Other Dangerous Articles﻿, ﻿United States Code, Title 18 Crimes and Criminal Procedure, Chapter 113B Terrorism﻿, ﻿United States Code, Title 18 Crimes and Criminal Procedure, Chapter 111 Shipping﻿, ﻿United States Code, Title 18 Crimes and Criminal Procedure, Chapter 209 Extradition﻿, ﻿United States Code, Title 22 Foreign Relations and Intercourse, Chapter 72 Nuclear Proliferation Prevention﻿, ﻿United States Code, Title 42 Public Health and Welfare, Chapter 23 Development and Control of Atomic Energy﻿, ﻿United States Code, Title 50 War and National Defense, Chapter 40 Defense against Weapons of Mass Destruction﻿, ﻿United States Code, Title 50 War and National Defense, Chapter 41 National Nuclear Security Administration﻿, ﻿United States Code, Title 50 War and National Defense, Chapter 42 Atomic Energy Defense Provisions﻿, ﻿United States Code, Title 50 War and National Defense, Chapter 43 Preventing Weapons of Mass Destruction Proliferation and Terrorism﻿, ﻿Code of Federal Regulations, Title 10 Energy, Chapter 1 Nuclear Regulatory Commission: Parts 1-50, Parts 51-199﻿, Executive Order No. 12938 Weapons of Mass Destruction 1994, Executive Order No. 13094 Proliferation of Weapons of Mass Destruction 1998, Executive Order No. 13382 Blocking Property of Weapons of Mass Destruction Proliferators and Their Supporters Notice of 2011 on the Continuation of the National Emergency with Respect to Weapons of Mass Destruction",,,,,,,,,,,,,,,,,,,,,,,,,,,,,,,,,
Uruguay,858,UY,URY,22400,2017,na,na,0,,na,na,,,,,,,,,,,,,,,,,,,,,,,,,,,,,,,,,
Uzbekistan,860,UZ,UZB,6900,2017,1,na,0,,na,na,,,,,,,,,,,,,,,,,,,,,,,,,,,,,,,,,
Vanuatu,548,VU,VUT,2700,2017,0,,0,,,,,,,,,,,,,,,,,,,,,,,,,,,,,,,,,,,,
Venezuela,862,VE,VEN,12100,2017,0,,0,,,,,,,,,,,,,,,,,,,,,,,,,,,,,,,,,,,,
Viet-Nam,866,VN,VNM,6900,2017,0,,0,,,,,,,,,,,,,,,,,,,,,,,,,,,,,,,,,,,,
Yemen,887,YE,YEM,1300,2017,0,,0,,,,,,,,,,,,,,,,,,,,,,,,,,,,,,,,,,,,
Zambia,894,ZM,ZMB,4000,2017,0,,0,,,,,,,,,,,,,,,,,,,,,,,,,,,,,,,,,,,,
Zimbabwe,716,ZW,ZWE,2300,2017,0,,0,,,,,,,,,,,,,,,,,,,,,,,,,,,,,,,,,,,,
,,,,,,,,,,,,,,,,,,,,,,,,,,,,,,,,,,,,,,,,,,,,